PKey,ID,Name,EnrollYear
1,1,Student Dummy,2020
2,2,Student Dummy,2020
3,3,Student Dummy,2020
4,4,Student Dummy,2020
5,5,Student Dummy,2020
6,6,Student Dummy,2020
7,7,Student Dummy,2020
8,8,Student Dummy,2020
9,9,Student Dummy,2020
10,10,Student Dummy,2020
11,11,Student Dummy,2020
12,12,Student Dummy,2020
13,13,Student Dummy,2020
14,14,Student Dummy,2020
15,15,Student Dummy,2020
16,16,Student Dummy,2020
17,17,Student Dummy,2020
18,18,Student Dummy,2020
19,19,Student Dummy,2020
20,20,Student Dummy,2020
21,21,Student Dummy,2020
22,22,Student Dummy,2020
23,23,Student Dummy,2020
24,24,Student Dummy,2020
25,25,Student Dummy,2020
26,26,Student Dummy,2020
27,27,Student Dummy,2020
28,28,Student Dummy,2020
29,29,Student Dummy,2020
